network,scan,step,filter,aggregation,model,generation_time
merged_f1_t10,merged,10,1,0,NETSPA,0.2465080999827478
merged_f1_t10,merged,10,1,0,TVA,0.14317480000318028
merged_f1_t10,merged,10,1,0,MULTI,0.38374560000374913
merged_f1_t0,merged,0,1,0,NETSPA,0.24341280001681298
merged_f1_t0,merged,0,1,0,TVA,0.14519989999826066
merged_f1_t0,merged,0,1,0,MULTI,0.3966710999957286
merged_f1_t100,merged,100,1,0,NETSPA,0.24283899998408742
merged_f1_t100,merged,100,1,0,TVA,0.15258349999203347
merged_f1_t100,merged,100,1,0,MULTI,0.4194296000059694
merged_f1_t10,merged,10,1,1,NETSPA,0.07153839999227785
merged_f1_t10,merged,10,1,1,TVA,0.07029699999839067
merged_f1_t10,merged,10,1,1,MULTI,0.16616640001302585
merged_f1_t0,merged,0,1,1,NETSPA,0.06572009998490103
merged_f1_t0,merged,0,1,1,TVA,0.0796381999971345
merged_f1_t0,merged,0,1,1,MULTI,0.17421689999173395
merged_f1_t100,merged,100,1,1,NETSPA,0.07877570000709966
merged_f1_t100,merged,100,1,1,TVA,0.07316629998967983
merged_f1_t100,merged,100,1,1,MULTI,0.1614551999955438
merged_f1_t10,merged,10,1,2,NETSPA,0.05965660000219941
merged_f1_t10,merged,10,1,2,TVA,0.14644139999290928
merged_f1_t10,merged,10,1,2,MULTI,0.06749419998959638
merged_f1_t0,merged,0,1,2,NETSPA,0.05206319998251274
merged_f1_t0,merged,0,1,2,TVA,0.13899609999498352
merged_f1_t0,merged,0,1,2,MULTI,0.06406400000560097
merged_f1_t100,merged,100,1,2,NETSPA,0.06397979997564107
merged_f1_t100,merged,100,1,2,TVA,0.14039410001714714
merged_f1_t100,merged,100,1,2,MULTI,0.0699550999852363
merged_f1_t10,merged,10,1,3,NETSPA,0.05618420001701452
merged_f1_t10,merged,10,1,3,TVA,0.15152069999021478
merged_f1_t10,merged,10,1,3,MULTI,0.0703085999994073
merged_f1_t0,merged,0,1,3,NETSPA,0.06414900001254864
merged_f1_t0,merged,0,1,3,TVA,0.1689843999920413
merged_f1_t0,merged,0,1,3,MULTI,0.05780599999707192
merged_f1_t100,merged,100,1,3,NETSPA,0.055123799975262955
merged_f1_t100,merged,100,1,3,TVA,0.14450100000249222
merged_f1_t100,merged,100,1,3,MULTI,0.06289629999082536
merged_f1_t110,merged,110,1,0,NETSPA,0.20802150000235997
merged_f1_t110,merged,110,1,0,TVA,0.13450849999208003
merged_f1_t110,merged,110,1,0,MULTI,0.2355237000156194
merged_f1_t130,merged,130,1,0,NETSPA,0.20050130001618527
merged_f1_t130,merged,130,1,0,TVA,0.12552079997840337
merged_f1_t130,merged,130,1,0,MULTI,0.2508007000142243
merged_f1_t120,merged,120,1,0,NETSPA,0.2121886000095401
merged_f1_t120,merged,120,1,0,TVA,0.1578033000114374
merged_f1_t120,merged,120,1,0,MULTI,0.26791039999807253
merged_f1_t110,merged,110,1,1,NETSPA,0.06313799999770708
merged_f1_t110,merged,110,1,1,TVA,0.15651870000874624
merged_f1_t110,merged,110,1,1,MULTI,0.08671629999298602
merged_f1_t130,merged,130,1,1,NETSPA,0.05850459999055602
merged_f1_t130,merged,130,1,1,TVA,0.1640276999969501
merged_f1_t130,merged,130,1,1,MULTI,0.10841769998660311
merged_f1_t120,merged,120,1,1,NETSPA,0.08570369999506511
merged_f1_t120,merged,120,1,1,TVA,0.16071900000679307
merged_f1_t120,merged,120,1,1,MULTI,0.09358139999676496
merged_f1_t110,merged,110,1,2,NETSPA,0.06654440000420436
merged_f1_t110,merged,110,1,2,TVA,0.11990890000015497
merged_f1_t110,merged,110,1,2,MULTI,0.05519000001368113
merged_f1_t130,merged,130,1,2,NETSPA,0.06455640000058338
merged_f1_t130,merged,130,1,2,TVA,0.11904330001561902
merged_f1_t130,merged,130,1,2,MULTI,0.06197949999477714
merged_f1_t120,merged,120,1,2,NETSPA,0.054351700004190207
merged_f1_t120,merged,120,1,2,TVA,0.11461969997617416
merged_f1_t120,merged,120,1,2,MULTI,0.05505650001578033
merged_f1_t110,merged,110,1,3,NETSPA,0.11869000000297092
merged_f1_t110,merged,110,1,3,TVA,0.06190919998334721
merged_f1_t110,merged,110,1,3,MULTI,0.05198819999350235
merged_f1_t130,merged,130,1,3,NETSPA,0.11912099999608472
merged_f1_t130,merged,130,1,3,TVA,0.054624699987471104
merged_f1_t130,merged,130,1,3,MULTI,0.05875009999726899
merged_f1_t120,merged,120,1,3,NETSPA,0.1142272999859415
merged_f1_t120,merged,120,1,3,TVA,0.05065910000121221
merged_f1_t120,merged,120,1,3,MULTI,0.04946060001384467
merged_f1_t140,merged,140,1,0,NETSPA,0.16254550000303425
merged_f1_t140,merged,140,1,0,TVA,0.13068170001497492
merged_f1_t140,merged,140,1,0,MULTI,0.25767130000167526
merged_f1_t150,merged,150,1,0,NETSPA,0.1831127000041306
merged_f1_t150,merged,150,1,0,TVA,0.13692920000175945
merged_f1_t150,merged,150,1,0,MULTI,0.28102840000065044
merged_f1_t160,merged,160,1,0,NETSPA,0.17790079998667352
merged_f1_t160,merged,160,1,0,TVA,0.13548420000006445
merged_f1_t160,merged,160,1,0,MULTI,0.29370149999158457
merged_f1_t140,merged,140,1,1,NETSPA,0.07177660000161268
merged_f1_t140,merged,140,1,1,TVA,0.14668089998303913
merged_f1_t140,merged,140,1,1,MULTI,0.09951850000652485
merged_f1_t150,merged,150,1,1,NETSPA,0.07935350001207553
merged_f1_t150,merged,150,1,1,TVA,0.1619788999960292
merged_f1_t150,merged,150,1,1,MULTI,0.09274630001164041
merged_f1_t160,merged,160,1,1,NETSPA,0.062157100008334965
merged_f1_t160,merged,160,1,1,TVA,0.15540460002375767
merged_f1_t160,merged,160,1,1,MULTI,0.10036589999799617
merged_f1_t140,merged,140,1,2,NETSPA,0.13731769999139942
merged_f1_t140,merged,140,1,2,TVA,0.06220200000097975
merged_f1_t140,merged,140,1,2,MULTI,0.07042400000500493
merged_f1_t150,merged,150,1,2,NETSPA,0.14600310000241734
merged_f1_t150,merged,150,1,2,TVA,0.08706409999285825
merged_f1_t150,merged,150,1,2,MULTI,0.06703540001763031
merged_f1_t160,merged,160,1,2,NETSPA,0.1470950999937486
merged_f1_t160,merged,160,1,2,TVA,0.08264930002042092
merged_f1_t160,merged,160,1,2,MULTI,0.07398960000136867
merged_f1_t140,merged,140,1,3,NETSPA,0.15425839999807067
merged_f1_t140,merged,140,1,3,TVA,0.05908819998148829
merged_f1_t140,merged,140,1,3,MULTI,0.14658659999258816
merged_f1_t160,merged,160,1,3,NETSPA,0.14408909998019226
merged_f1_t160,merged,160,1,3,TVA,0.06409870000788942
merged_f1_t160,merged,160,1,3,MULTI,0.16256939998129383
merged_f1_t150,merged,150,1,3,NETSPA,0.15551979999872856
merged_f1_t150,merged,150,1,3,TVA,0.06575099998735823
merged_f1_t150,merged,150,1,3,MULTI,0.17363360000308603
merged_f1_t170,merged,170,1,0,NETSPA,0.147179599996889
merged_f1_t170,merged,170,1,0,TVA,0.32729879999533296
merged_f1_t170,merged,170,1,0,MULTI,0.3630855999945197
merged_f1_t180,merged,180,1,0,NETSPA,0.14641669997945428
merged_f1_t180,merged,180,1,0,TVA,0.34987760000512935
merged_f1_t180,merged,180,1,0,MULTI,0.3318866000045091
merged_f1_t190,merged,190,1,0,NETSPA,0.16672550002112985
merged_f1_t190,merged,190,1,0,TVA,0.36432150000473484
merged_f1_t190,merged,190,1,0,MULTI,0.3359640999988187
merged_f1_t170,merged,170,1,1,NETSPA,0.11193260000436567
merged_f1_t170,merged,170,1,1,TVA,0.23377279998385347
merged_f1_t170,merged,170,1,1,MULTI,0.16638290000264533
merged_f1_t180,merged,180,1,1,NETSPA,0.1244775999803096
merged_f1_t180,merged,180,1,1,TVA,0.2459689000097569
merged_f1_t180,merged,180,1,1,MULTI,0.1719065000070259
merged_f1_t190,merged,190,1,1,NETSPA,0.12367339999764226
merged_f1_t190,merged,190,1,1,TVA,0.24436319997766986
merged_f1_t190,merged,190,1,1,MULTI,0.164090500009479
merged_f1_t170,merged,170,1,2,NETSPA,0.19459219998680055
merged_f1_t170,merged,170,1,2,TVA,0.09776889998465776
merged_f1_t170,merged,170,1,2,MULTI,0.11248660000273958
merged_f1_t180,merged,180,1,2,NETSPA,0.1879246000025887
merged_f1_t180,merged,180,1,2,TVA,0.10521569999400526
merged_f1_t180,merged,180,1,2,MULTI,0.11868940002750605
merged_f1_t190,merged,190,1,2,NETSPA,0.18347660001018085
merged_f1_t190,merged,190,1,2,TVA,0.11085869997623377
merged_f1_t190,merged,190,1,2,MULTI,0.2898560999892652
merged_f1_t170,merged,170,1,3,NETSPA,0.23879940001643263
merged_f1_t170,merged,170,1,3,TVA,0.10654060001252219
merged_f1_t170,merged,170,1,3,MULTI,0.23463079999783076
merged_f1_t180,merged,180,1,3,NETSPA,0.24791310000000522
merged_f1_t180,merged,180,1,3,TVA,0.09251469999435358
merged_f1_t180,merged,180,1,3,MULTI,0.24627399997552857
merged_f1_t190,merged,190,1,3,NETSPA,0.09968889999436215
merged_f1_t190,merged,190,1,3,TVA,0.12883010000223294
merged_f1_t190,merged,190,1,3,MULTI,0.24187379999784753
merged_f1_t200,merged,200,1,0,NETSPA,0.19149350002408028
merged_f1_t200,merged,200,1,0,TVA,0.38657030000467785
merged_f1_t200,merged,200,1,0,MULTI,0.33209749998059124
merged_f1_t20,merged,20,1,0,NETSPA,0.2008235999965109
merged_f1_t20,merged,20,1,0,TVA,0.35887309999088757
merged_f1_t20,merged,20,1,0,MULTI,0.3571010000014212
merged_f1_t210,merged,210,1,0,NETSPA,0.18856640000012703
merged_f1_t210,merged,210,1,0,TVA,0.3803003999928478
merged_f1_t210,merged,210,1,0,MULTI,0.3355292000051122
merged_f1_t200,merged,200,1,1,NETSPA,0.2318768999830354
merged_f1_t200,merged,200,1,1,TVA,0.10771770001156256
merged_f1_t200,merged,200,1,1,MULTI,0.1341048000031151
merged_f1_t20,merged,20,1,1,NETSPA,0.22544249999918975
merged_f1_t20,merged,20,1,1,TVA,0.11281469999812543
merged_f1_t20,merged,20,1,1,MULTI,0.1344513000221923
merged_f1_t210,merged,210,1,1,NETSPA,0.18533830001251772
merged_f1_t210,merged,210,1,1,TVA,0.12039730002288707
merged_f1_t210,merged,210,1,1,MULTI,0.17415520001668483
merged_f1_t200,merged,200,1,2,NETSPA,0.16035230000852607
merged_f1_t200,merged,200,1,2,TVA,0.11743290000595152
merged_f1_t200,merged,200,1,2,MULTI,0.2666996000043582
merged_f1_t210,merged,210,1,2,NETSPA,0.22642699998687021
merged_f1_t210,merged,210,1,2,TVA,0.07742469999357127
merged_f1_t210,merged,210,1,2,MULTI,0.22216479998314753
merged_f1_t20,merged,20,1,2,NETSPA,0.3127016000216827
merged_f1_t20,merged,20,1,2,TVA,0.09763740000198595
merged_f1_t20,merged,20,1,2,MULTI,0.2301259000087157
merged_f1_t200,merged,200,1,3,NETSPA,0.09453020000364631
merged_f1_t200,merged,200,1,3,TVA,0.09781720000319183
merged_f1_t200,merged,200,1,3,MULTI,0.20506680000107735
merged_f1_t210,merged,210,1,3,NETSPA,0.08685600000899285
merged_f1_t210,merged,210,1,3,TVA,0.0849439000012353
merged_f1_t210,merged,210,1,3,MULTI,0.18883559998357669
merged_f1_t20,merged,20,1,3,NETSPA,0.0854471999919042
merged_f1_t20,merged,20,1,3,TVA,0.07530259998748079
merged_f1_t20,merged,20,1,3,MULTI,0.21589639998273924
merged_f1_t220,merged,220,1,0,NETSPA,0.16825649997917935
merged_f1_t220,merged,220,1,0,TVA,0.3270073999883607
merged_f1_t220,merged,220,1,0,MULTI,0.28066439999383874
merged_f1_t230,merged,230,1,0,NETSPA,0.16311540000606328
merged_f1_t230,merged,230,1,0,TVA,0.31255390000296757
merged_f1_t230,merged,230,1,0,MULTI,0.33877830000710674
merged_f1_t240,merged,240,1,0,NETSPA,0.19630499999038875
merged_f1_t240,merged,240,1,0,TVA,0.311832500010496
merged_f1_t240,merged,240,1,0,MULTI,0.2781183999904897
merged_f1_t220,merged,220,1,1,NETSPA,0.21088190001319163
merged_f1_t220,merged,220,1,1,TVA,0.10507439999491908
merged_f1_t220,merged,220,1,1,MULTI,0.26408799999626353
merged_f1_t240,merged,240,1,1,NETSPA,0.2368830000050366
merged_f1_t240,merged,240,1,1,TVA,0.14161319998675026
merged_f1_t240,merged,240,1,1,MULTI,0.14167139999335632
merged_f1_t230,merged,230,1,1,NETSPA,0.22442090002004988
merged_f1_t230,merged,230,1,1,TVA,0.15079970000078902
merged_f1_t230,merged,230,1,1,MULTI,0.2300826999999117
merged_f1_t220,merged,220,1,2,NETSPA,0.09294680002494715
merged_f1_t220,merged,220,1,2,TVA,0.11208449999685399
merged_f1_t220,merged,220,1,2,MULTI,0.16527210001368076
merged_f1_t220,merged,220,1,3,NETSPA,0.06087600000319071
merged_f1_t220,merged,220,1,3,TVA,0.13503500001388602
merged_f1_t220,merged,220,1,3,MULTI,0.08924339999794029
merged_f1_t240,merged,240,1,2,NETSPA,0.17159489999176003
merged_f1_t240,merged,240,1,2,TVA,0.09441409999271855
merged_f1_t240,merged,240,1,2,MULTI,0.18752070001210086
merged_f1_t230,merged,230,1,2,NETSPA,0.09714669999084435
merged_f1_t230,merged,230,1,2,TVA,0.0997841999924276
merged_f1_t230,merged,230,1,2,MULTI,0.20520109997596592
merged_f1_t240,merged,240,1,3,NETSPA,0.06675330002326518
merged_f1_t240,merged,240,1,3,TVA,0.06758920001448132
merged_f1_t240,merged,240,1,3,MULTI,0.18206279998412356
merged_f1_t230,merged,230,1,3,NETSPA,0.0893668000062462
merged_f1_t230,merged,230,1,3,TVA,0.1432292000099551
merged_f1_t230,merged,230,1,3,MULTI,0.06887519999872893
merged_f1_t250,merged,250,1,0,NETSPA,0.2182977999909781
merged_f1_t250,merged,250,1,0,TVA,0.21359600001596846
merged_f1_t250,merged,250,1,0,MULTI,0.34991429999354295
merged_f1_t270,merged,270,1,0,NETSPA,0.16608180000912398
merged_f1_t270,merged,270,1,0,TVA,0.24808210000628605
merged_f1_t270,merged,270,1,0,MULTI,0.27841719999560155
merged_f1_t260,merged,260,1,0,NETSPA,0.18323049999889918
merged_f1_t260,merged,260,1,0,TVA,0.2691654000082053
merged_f1_t260,merged,260,1,0,MULTI,0.2783904999960214
merged_f1_t250,merged,250,1,1,NETSPA,0.09310619998723269
merged_f1_t250,merged,250,1,1,TVA,0.08849659998668358
merged_f1_t250,merged,250,1,1,MULTI,0.2590734999976121
merged_f1_t260,merged,260,1,1,NETSPA,0.21468370000366122
merged_f1_t260,merged,260,1,1,TVA,0.10310959999333136
merged_f1_t260,merged,260,1,1,MULTI,0.19038489999365993
merged_f1_t250,merged,250,1,2,NETSPA,0.10845780000090599
merged_f1_t250,merged,250,1,2,TVA,0.16986009999527596
merged_f1_t250,merged,250,1,2,MULTI,0.10674940000171773
merged_f1_t270,merged,270,1,1,NETSPA,0.21359790000133216
merged_f1_t270,merged,270,1,1,TVA,0.12868860000162385
merged_f1_t270,merged,270,1,1,MULTI,0.24537299998337403
merged_f1_t260,merged,260,1,2,NETSPA,0.08441549999406561
merged_f1_t260,merged,260,1,2,TVA,0.07511890001478605
merged_f1_t260,merged,260,1,2,MULTI,0.19117549998918548
merged_f1_t250,merged,250,1,3,NETSPA,0.10167479998199269
merged_f1_t250,merged,250,1,3,TVA,0.179634799977066
merged_f1_t250,merged,250,1,3,MULTI,0.09425250001368113
merged_f1_t270,merged,270,1,2,NETSPA,0.08027279999805614
merged_f1_t270,merged,270,1,2,TVA,0.0883140999940224
merged_f1_t270,merged,270,1,2,MULTI,0.17205049999756739
merged_f1_t260,merged,260,1,3,NETSPA,0.07521089998772368
merged_f1_t260,merged,260,1,3,TVA,0.14750170000479557
merged_f1_t260,merged,260,1,3,MULTI,0.08520249999128282
merged_f1_t270,merged,270,1,3,NETSPA,0.08138489999691956
merged_f1_t270,merged,270,1,3,TVA,0.16764250001870096
merged_f1_t270,merged,270,1,3,MULTI,0.08370560000184923
merged_f1_t280,merged,280,1,0,NETSPA,0.21110280000721104
merged_f1_t280,merged,280,1,0,TVA,0.22048330001416616
merged_f1_t280,merged,280,1,0,MULTI,0.38158700001076795
merged_f1_t290,merged,290,1,0,NETSPA,0.14499329999671318
merged_f1_t290,merged,290,1,0,TVA,0.2899230000039097
merged_f1_t290,merged,290,1,0,MULTI,0.31229880001046695
merged_f1_t300,merged,300,1,0,NETSPA,0.1316506000002846
merged_f1_t300,merged,300,1,0,TVA,0.2861636999878101
merged_f1_t300,merged,300,1,0,MULTI,0.4132785999972839
merged_f1_t280,merged,280,1,1,NETSPA,0.09145939999143593
merged_f1_t280,merged,280,1,1,TVA,0.11112230000435375
merged_f1_t280,merged,280,1,1,MULTI,0.23755449999589473
merged_f1_t290,merged,290,1,1,NETSPA,0.16824140000971965
merged_f1_t290,merged,290,1,1,TVA,0.10366870000143535
merged_f1_t290,merged,290,1,1,MULTI,0.2987768999882974
merged_f1_t300,merged,300,1,1,NETSPA,0.10966809999081306
merged_f1_t300,merged,300,1,1,TVA,0.12590859999181703
merged_f1_t300,merged,300,1,1,MULTI,0.2791459999862127
merged_f1_t280,merged,280,1,2,NETSPA,0.10989780002273619
merged_f1_t280,merged,280,1,2,TVA,0.2332819000002928
merged_f1_t280,merged,280,1,2,MULTI,0.10796249998384155
merged_f1_t290,merged,290,1,2,NETSPA,0.07915550001780502
merged_f1_t290,merged,290,1,2,TVA,0.17545889999018982
merged_f1_t290,merged,290,1,2,MULTI,0.06378710002172738
merged_f1_t280,merged,280,1,3,NETSPA,0.0851496999966912
merged_f1_t280,merged,280,1,3,TVA,0.16573199999402277
merged_f1_t280,merged,280,1,3,MULTI,0.07596109999576584
merged_f1_t300,merged,300,1,2,NETSPA,0.09325790000730194
merged_f1_t300,merged,300,1,2,TVA,0.2030883000115864
merged_f1_t300,merged,300,1,2,MULTI,0.10065819998271763
merged_f1_t290,merged,290,1,3,NETSPA,0.08691450001788326
merged_f1_t290,merged,290,1,3,TVA,0.1790010999829974
merged_f1_t290,merged,290,1,3,MULTI,0.09978779999073595
merged_f1_t300,merged,300,1,3,NETSPA,0.07978709999588318
merged_f1_t300,merged,300,1,3,TVA,0.14558479998959228
merged_f1_t300,merged,300,1,3,MULTI,0.06624060001922771
merged_f1_t30,merged,30,1,0,NETSPA,0.23418840000522323
merged_f1_t30,merged,30,1,0,TVA,0.20028660001116805
merged_f1_t30,merged,30,1,0,MULTI,0.3511781000124756
merged_f1_t310,merged,310,1,0,NETSPA,0.263770099991234
merged_f1_t310,merged,310,1,0,TVA,0.19335590000264347
merged_f1_t310,merged,310,1,0,MULTI,0.38374649998149835
merged_f1_t30,merged,30,1,1,NETSPA,0.10633609999786131
merged_f1_t30,merged,30,1,1,TVA,0.18997659999877214
merged_f1_t30,merged,30,1,1,MULTI,0.13877900000079535
merged_f1_t320,merged,320,1,0,NETSPA,0.28845940000610426
merged_f1_t320,merged,320,1,0,TVA,0.22301370001514442
merged_f1_t320,merged,320,1,0,MULTI,0.37538969999877736
merged_f1_t310,merged,310,1,1,NETSPA,0.0860095999960322
merged_f1_t310,merged,310,1,1,TVA,0.1133032999932766
merged_f1_t310,merged,310,1,1,MULTI,0.2490195999853313
merged_f1_t30,merged,30,1,2,NETSPA,0.0632505000103265
merged_f1_t30,merged,30,1,2,TVA,0.18484789997455664
merged_f1_t30,merged,30,1,2,MULTI,0.09819260000949726
merged_f1_t320,merged,320,1,1,NETSPA,0.11931149999145418
merged_f1_t320,merged,320,1,1,TVA,0.12148830000660382
merged_f1_t320,merged,320,1,1,MULTI,0.21970330001204275
merged_f1_t310,merged,310,1,2,NETSPA,0.10618090000934899
merged_f1_t310,merged,310,1,2,TVA,0.15874590000021271
merged_f1_t310,merged,310,1,2,MULTI,0.09596919998875819
merged_f1_t30,merged,30,1,3,NETSPA,0.18729589998838492
merged_f1_t30,merged,30,1,3,TVA,0.07664859999204054
merged_f1_t30,merged,30,1,3,MULTI,0.07676609998452477
merged_f1_t320,merged,320,1,2,NETSPA,0.0709752999828197
merged_f1_t320,merged,320,1,2,TVA,0.12597120000282302
merged_f1_t320,merged,320,1,2,MULTI,0.1105641000031028
merged_f1_t310,merged,310,1,3,NETSPA,0.08257129997946322
merged_f1_t310,merged,310,1,3,TVA,0.13620889998856
merged_f1_t310,merged,310,1,3,MULTI,0.08279429998947307
merged_f1_t320,merged,320,1,3,NETSPA,0.07869419999769889
merged_f1_t320,merged,320,1,3,TVA,0.16710850002709776
merged_f1_t320,merged,320,1,3,MULTI,0.07058680002228357
merged_f1_t330,merged,330,1,0,NETSPA,0.1602345000137575
merged_f1_t330,merged,330,1,0,TVA,0.18115889999899082
merged_f1_t330,merged,330,1,0,MULTI,0.4126152000098955
merged_f1_t340,merged,340,1,0,NETSPA,0.23670209999545477
merged_f1_t340,merged,340,1,0,TVA,0.1656856999907177
merged_f1_t340,merged,340,1,0,MULTI,0.3348703999945428
merged_f1_t330,merged,330,1,1,NETSPA,0.0817774000170175
merged_f1_t330,merged,330,1,1,TVA,0.1799732000217773
merged_f1_t330,merged,330,1,1,MULTI,0.10190350000630133
merged_f1_t350,merged,350,1,0,NETSPA,0.22087700001429766
merged_f1_t350,merged,350,1,0,TVA,0.14422940000076778
merged_f1_t350,merged,350,1,0,MULTI,0.3619551000010688
merged_f1_t340,merged,340,1,1,NETSPA,0.10592490000999533
merged_f1_t340,merged,340,1,1,TVA,0.1273388999979943
merged_f1_t340,merged,340,1,1,MULTI,0.24994629999855533
merged_f1_t330,merged,330,1,2,NETSPA,0.20256849998258986
merged_f1_t330,merged,330,1,2,TVA,0.10018959999433719
merged_f1_t330,merged,330,1,2,MULTI,0.09504149999702349
merged_f1_t350,merged,350,1,1,NETSPA,0.09520720000728033
merged_f1_t350,merged,350,1,1,TVA,0.10402730002533644
merged_f1_t350,merged,350,1,1,MULTI,0.2291220000188332
merged_f1_t340,merged,340,1,2,NETSPA,0.11078119999729097
merged_f1_t340,merged,340,1,2,TVA,0.1647571999928914
merged_f1_t340,merged,340,1,2,MULTI,0.06068330002017319
merged_f1_t350,merged,350,1,2,NETSPA,0.06844649999402463
merged_f1_t350,merged,350,1,2,TVA,0.1726935000042431
merged_f1_t350,merged,350,1,2,MULTI,0.09142599999904633
merged_f1_t330,merged,330,1,3,NETSPA,0.18259349997970276
merged_f1_t330,merged,330,1,3,TVA,0.08048210002016276
merged_f1_t330,merged,330,1,3,MULTI,0.17525380000006407
merged_f1_t340,merged,340,1,3,NETSPA,0.0905769000237342
merged_f1_t340,merged,340,1,3,TVA,0.14395950001198798
merged_f1_t340,merged,340,1,3,MULTI,0.05352629997651093
merged_f1_t350,merged,350,1,3,NETSPA,0.07993659999920055
merged_f1_t350,merged,350,1,3,TVA,0.1763621999998577
merged_f1_t350,merged,350,1,3,MULTI,0.06330999999772757
merged_f1_t360,merged,360,1,0,NETSPA,0.13114080001832917
merged_f1_t360,merged,360,1,0,TVA,0.17077309999149293
merged_f1_t360,merged,360,1,0,MULTI,0.4022530999791343
merged_f1_t370,merged,370,1,0,NETSPA,0.21107600000686944
merged_f1_t370,merged,370,1,0,TVA,0.20478410000214353
merged_f1_t370,merged,370,1,0,MULTI,0.4023274999926798
merged_f1_t380,merged,380,1,0,NETSPA,0.23192510000080802
merged_f1_t380,merged,380,1,0,TVA,0.20923429998219945
merged_f1_t380,merged,380,1,0,MULTI,0.31076259998371825
merged_f1_t360,merged,360,1,1,NETSPA,0.09124800001154654
merged_f1_t360,merged,360,1,1,TVA,0.1655408999940846
merged_f1_t360,merged,360,1,1,MULTI,0.1459294999949634
merged_f1_t380,merged,380,1,1,NETSPA,0.0813272999948822
merged_f1_t380,merged,380,1,1,TVA,0.21806549999746494
merged_f1_t380,merged,380,1,1,MULTI,0.15659830000367947
merged_f1_t360,merged,360,1,2,NETSPA,0.16982300000381656
merged_f1_t360,merged,360,1,2,TVA,0.10300639999331906
merged_f1_t360,merged,360,1,2,MULTI,0.10058850000496022
merged_f1_t370,merged,370,1,1,NETSPA,0.09481740000774153
merged_f1_t370,merged,370,1,1,TVA,0.1217389999947045
merged_f1_t370,merged,370,1,1,MULTI,0.2854298999882303
merged_f1_t380,merged,380,1,2,NETSPA,0.09461930001270957
merged_f1_t380,merged,380,1,2,TVA,0.18863300001248717
merged_f1_t380,merged,380,1,2,MULTI,0.06950389998382889
merged_f1_t370,merged,370,1,2,NETSPA,0.09171780000906438
merged_f1_t370,merged,370,1,2,TVA,0.19612389997928403
merged_f1_t370,merged,370,1,2,MULTI,0.08506019998458214
merged_f1_t360,merged,360,1,3,NETSPA,0.1937649000028614
merged_f1_t360,merged,360,1,3,TVA,0.09445130001404323
merged_f1_t360,merged,360,1,3,MULTI,0.1536406000086572
merged_f1_t380,merged,380,1,3,NETSPA,0.16323770000599325
merged_f1_t380,merged,380,1,3,TVA,0.08622249998734333
merged_f1_t380,merged,380,1,3,MULTI,0.0663246999902185
merged_f1_t370,merged,370,1,3,NETSPA,0.06939450002391823
merged_f1_t370,merged,370,1,3,TVA,0.14276709998375736
merged_f1_t370,merged,370,1,3,MULTI,0.07299630000488833
merged_f1_t390,merged,390,1,0,NETSPA,0.16760110002360307
merged_f1_t390,merged,390,1,0,TVA,0.31551160002709366
merged_f1_t390,merged,390,1,0,MULTI,0.30006560002220795
merged_f1_t400,merged,400,1,0,NETSPA,0.24190990001079626
merged_f1_t400,merged,400,1,0,TVA,0.22016480000456795
merged_f1_t400,merged,400,1,0,MULTI,0.3748699000279885
merged_f1_t40,merged,40,1,0,NETSPA,0.2680537000123877
merged_f1_t40,merged,40,1,0,TVA,0.18284310001763515
merged_f1_t40,merged,40,1,0,MULTI,0.41491739999037236
merged_f1_t390,merged,390,1,1,NETSPA,0.09286280002561398
merged_f1_t390,merged,390,1,1,TVA,0.16639980001491494
merged_f1_t390,merged,390,1,1,MULTI,0.1333998000191059
merged_f1_t400,merged,400,1,1,NETSPA,0.07867489999625832
merged_f1_t400,merged,400,1,1,TVA,0.20020779999322258
merged_f1_t400,merged,400,1,1,MULTI,0.1278745000017807
merged_f1_t40,merged,40,1,1,NETSPA,0.07150690001435578
merged_f1_t40,merged,40,1,1,TVA,0.2150520000141114
merged_f1_t40,merged,40,1,1,MULTI,0.14737500000046566
merged_f1_t390,merged,390,1,2,NETSPA,0.1336930000106804
merged_f1_t390,merged,390,1,2,TVA,0.09323610001592897
merged_f1_t390,merged,390,1,2,MULTI,0.2131548999750521
merged_f1_t400,merged,400,1,2,NETSPA,0.18767569999909028
merged_f1_t400,merged,400,1,2,TVA,0.09277440002188087
merged_f1_t400,merged,400,1,2,MULTI,0.06830840001930483
merged_f1_t40,merged,40,1,2,NETSPA,0.0758161999983713
merged_f1_t40,merged,40,1,2,TVA,0.18780629997490905
merged_f1_t40,merged,40,1,2,MULTI,0.08367740001995116
merged_f1_t390,merged,390,1,3,NETSPA,0.07342750002862886
merged_f1_t390,merged,390,1,3,TVA,0.07676140000694431
merged_f1_t390,merged,390,1,3,MULTI,0.16740310000022873
merged_f1_t40,merged,40,1,3,NETSPA,0.16675919998669997
merged_f1_t40,merged,40,1,3,TVA,0.07386309999856167
merged_f1_t40,merged,40,1,3,MULTI,0.06864849998964928
merged_f1_t400,merged,400,1,3,NETSPA,0.15849489998072386
merged_f1_t400,merged,400,1,3,TVA,0.059790700004668906
merged_f1_t400,merged,400,1,3,MULTI,0.16908279998460785
merged_f1_t410,merged,410,1,0,NETSPA,0.1751444999827072
merged_f1_t410,merged,410,1,0,TVA,0.30410700000356883
merged_f1_t410,merged,410,1,0,MULTI,0.2959225999948103
merged_f1_t428,merged,428,1,0,NETSPA,0.13608870000462048
merged_f1_t428,merged,428,1,0,TVA,0.21527479999349453
merged_f1_t428,merged,428,1,0,MULTI,0.3622212999907788
merged_f1_t420,merged,420,1,0,NETSPA,0.20759689999977127
merged_f1_t420,merged,420,1,0,TVA,0.21925150000606664
merged_f1_t420,merged,420,1,0,MULTI,0.3774991999962367
merged_f1_t410,merged,410,1,1,NETSPA,0.20039730001008138
merged_f1_t410,merged,410,1,1,TVA,0.1301089999906253
merged_f1_t410,merged,410,1,1,MULTI,0.13536349998321384
merged_f1_t428,merged,428,1,1,NETSPA,0.0877090000140015
merged_f1_t428,merged,428,1,1,TVA,0.2225600000238046
merged_f1_t428,merged,428,1,1,MULTI,0.1171139000216499
merged_f1_t420,merged,420,1,1,NETSPA,0.08615399998961948
merged_f1_t420,merged,420,1,1,TVA,0.18404520000331104
merged_f1_t420,merged,420,1,1,MULTI,0.1583754999737721
merged_f1_t410,merged,410,1,2,NETSPA,0.18049460000474937
merged_f1_t410,merged,410,1,2,TVA,0.08364719999372028
merged_f1_t410,merged,410,1,2,MULTI,0.18313329998636618
merged_f1_t428,merged,428,1,2,NETSPA,0.1848071999847889
merged_f1_t428,merged,428,1,2,TVA,0.09328259999165311
merged_f1_t428,merged,428,1,2,MULTI,0.07998629999929108
merged_f1_t420,merged,420,1,2,NETSPA,0.19763300000340678
merged_f1_t420,merged,420,1,2,TVA,0.09534900001017377
merged_f1_t420,merged,420,1,2,MULTI,0.09246949999942444
merged_f1_t410,merged,410,1,3,NETSPA,0.06589359999634326
merged_f1_t410,merged,410,1,3,TVA,0.0620440999919083
merged_f1_t410,merged,410,1,3,MULTI,0.1603156999917701
merged_f1_t428,merged,428,1,3,NETSPA,0.17570680001517758
merged_f1_t428,merged,428,1,3,TVA,0.07952550001209602
merged_f1_t428,merged,428,1,3,MULTI,0.17977639997843653
merged_f1_t420,merged,420,1,3,NETSPA,0.14069550001295283
merged_f1_t420,merged,420,1,3,TVA,0.04836069999146275
merged_f1_t420,merged,420,1,3,MULTI,0.14122439999482594
merged_f1_t50,merged,50,1,0,NETSPA,0.14699430001201108
merged_f1_t50,merged,50,1,0,TVA,0.2955353000143077
merged_f1_t50,merged,50,1,0,MULTI,0.250116999988677
merged_f1_t60,merged,60,1,0,NETSPA,0.13579010000103153
merged_f1_t60,merged,60,1,0,TVA,0.29315650000353344
merged_f1_t60,merged,60,1,0,MULTI,0.24281740002334118
merged_f1_t70,merged,70,1,0,NETSPA,0.13937709998572245
merged_f1_t70,merged,70,1,0,TVA,0.21266389999073
merged_f1_t70,merged,70,1,0,MULTI,0.36341980000725016
merged_f1_t50,merged,50,1,1,NETSPA,0.19663680001394823
merged_f1_t50,merged,50,1,1,TVA,0.13372539999545552
merged_f1_t50,merged,50,1,1,MULTI,0.15404819999821484
merged_f1_t60,merged,60,1,1,NETSPA,0.11971999998786487
merged_f1_t60,merged,60,1,1,TVA,0.16510270000435412
merged_f1_t60,merged,60,1,1,MULTI,0.10333629997330718
merged_f1_t70,merged,70,1,1,NETSPA,0.0795120999973733
merged_f1_t70,merged,70,1,1,TVA,0.20427770001697354
merged_f1_t70,merged,70,1,1,MULTI,0.13873979999334551
merged_f1_t50,merged,50,1,2,NETSPA,0.14315039999200962
merged_f1_t50,merged,50,1,2,TVA,0.07452470000134781
merged_f1_t50,merged,50,1,2,MULTI,0.17469640000490472
merged_f1_t60,merged,60,1,2,NETSPA,0.1477866999921389
merged_f1_t60,merged,60,1,2,TVA,0.10485929998685606
merged_f1_t60,merged,60,1,2,MULTI,0.1940510999993421
merged_f1_t70,merged,70,1,2,NETSPA,0.1738750000076834
merged_f1_t70,merged,70,1,2,TVA,0.08355659997323528
merged_f1_t70,merged,70,1,2,MULTI,0.17277250002371147
merged_f1_t50,merged,50,1,3,NETSPA,0.07009759999345988
merged_f1_t50,merged,50,1,3,TVA,0.07759979998809285
merged_f1_t50,merged,50,1,3,MULTI,0.13434409999172203
merged_f1_t60,merged,60,1,3,NETSPA,0.07162719999905676
merged_f1_t60,merged,60,1,3,TVA,0.07807039999170229
merged_f1_t60,merged,60,1,3,MULTI,0.15096159998211078
merged_f1_t70,merged,70,1,3,NETSPA,0.06802910001715645
merged_f1_t70,merged,70,1,3,TVA,0.05055710001033731
merged_f1_t70,merged,70,1,3,MULTI,0.12136359998839907
merged_f1_t80,merged,80,1,0,NETSPA,0.18610409999382682
merged_f1_t80,merged,80,1,0,TVA,0.2488100999908056
merged_f1_t80,merged,80,1,0,MULTI,0.28368580000824295
merged_f2_t0,merged,0,2,0,NETSPA,0.15697569999611005
merged_f2_t0,merged,0,2,0,TVA,0.27865530000417493
merged_f2_t0,merged,0,2,0,MULTI,0.23750610000570305
merged_f1_t90,merged,90,1,0,NETSPA,0.16294560002279468
merged_f1_t90,merged,90,1,0,TVA,0.34402410002076067
merged_f1_t90,merged,90,1,0,MULTI,0.24694949999684468
merged_f1_t80,merged,80,1,1,NETSPA,0.16181079999660142
merged_f1_t80,merged,80,1,1,TVA,0.12591010000323877
merged_f1_t80,merged,80,1,1,MULTI,0.18853059998946264
merged_f2_t0,merged,0,2,1,NETSPA,0.14048379997257143
merged_f2_t0,merged,0,2,1,TVA,0.11621330000343733
merged_f2_t0,merged,0,2,1,MULTI,0.13550959998974577
merged_f1_t90,merged,90,1,1,NETSPA,0.16688460001023486
merged_f1_t90,merged,90,1,1,TVA,0.11690769999404438
merged_f1_t90,merged,90,1,1,MULTI,0.1212705000070855
merged_f1_t80,merged,80,1,2,NETSPA,0.07049660000484437
merged_f1_t80,merged,80,1,2,TVA,0.16537159998551942
merged_f1_t80,merged,80,1,2,MULTI,0.06946440000319853
merged_f2_t0,merged,0,2,2,NETSPA,0.1381284999952186
merged_f2_t0,merged,0,2,2,TVA,0.0684010999975726
merged_f2_t0,merged,0,2,2,MULTI,0.16493110000737943
merged_f1_t90,merged,90,1,2,NETSPA,0.15983099999721162
merged_f1_t90,merged,90,1,2,TVA,0.0887739000027068
merged_f1_t90,merged,90,1,2,MULTI,0.19304680000641383
merged_f1_t80,merged,80,1,3,NETSPA,0.04927099999622442
merged_f1_t80,merged,80,1,3,TVA,0.16347810000297613
merged_f1_t80,merged,80,1,3,MULTI,0.08780129998922348
merged_f2_t0,merged,0,2,3,NETSPA,0.08659780002199113
merged_f2_t0,merged,0,2,3,TVA,0.08571200000005774
merged_f2_t0,merged,0,2,3,MULTI,0.15311559999827296
merged_f1_t90,merged,90,1,3,NETSPA,0.055955199990421534
merged_f1_t90,merged,90,1,3,TVA,0.07877849999931641
merged_f1_t90,merged,90,1,3,MULTI,0.148036200000206
merged_f2_t100,merged,100,2,0,NETSPA,0.24785779998637736
merged_f2_t100,merged,100,2,0,TVA,0.19544900002074428
merged_f2_t100,merged,100,2,0,MULTI,0.34124060001340695
merged_f2_t110,merged,110,2,0,NETSPA,0.106203600007575
merged_f2_t110,merged,110,2,0,TVA,0.20828789999359287
merged_f2_t110,merged,110,2,0,MULTI,0.26274870001361705
merged_f2_t10,merged,10,2,0,NETSPA,0.16624409999349155
merged_f2_t10,merged,10,2,0,TVA,0.30315590000827797
merged_f2_t10,merged,10,2,0,MULTI,0.2999579999886919
merged_f2_t100,merged,100,2,1,NETSPA,0.08916259999386966
merged_f2_t100,merged,100,2,1,TVA,0.08937089997925796
merged_f2_t100,merged,100,2,1,MULTI,0.21407270000781864
merged_f2_t110,merged,110,2,1,NETSPA,0.1476457999960985
merged_f2_t110,merged,110,2,1,TVA,0.12328560001333244
merged_f2_t110,merged,110,2,1,MULTI,0.1894967000116594
merged_f2_t10,merged,10,2,1,NETSPA,0.16137799998978153
merged_f2_t10,merged,10,2,1,TVA,0.10354909999296069
merged_f2_t10,merged,10,2,1,MULTI,0.20774169999640435
merged_f2_t100,merged,100,2,2,NETSPA,0.061828200006857514
merged_f2_t100,merged,100,2,2,TVA,0.16101080001681112
merged_f2_t100,merged,100,2,2,MULTI,0.09573820000514388
merged_f2_t110,merged,110,2,2,NETSPA,0.07322379999095574
merged_f2_t110,merged,110,2,2,TVA,0.09183869999833405
merged_f2_t110,merged,110,2,2,MULTI,0.17347189999418333
merged_f2_t100,merged,100,2,3,NETSPA,0.06382280000252649
merged_f2_t100,merged,100,2,3,TVA,0.14552550000371411
merged_f2_t100,merged,100,2,3,MULTI,0.06739410001318902
merged_f2_t10,merged,10,2,2,NETSPA,0.09779659999185242
merged_f2_t10,merged,10,2,2,TVA,0.09308900000178255
merged_f2_t10,merged,10,2,2,MULTI,0.19918310001958162
merged_f2_t110,merged,110,2,3,NETSPA,0.08875799999805167
merged_f2_t110,merged,110,2,3,TVA,0.19466579999425448
merged_f2_t110,merged,110,2,3,MULTI,0.07568359997821972
merged_f2_t10,merged,10,2,3,NETSPA,0.09509079999406822
merged_f2_t10,merged,10,2,3,TVA,0.17292969999834895
merged_f2_t10,merged,10,2,3,MULTI,0.08521790002123453
merged_f2_t120,merged,120,2,0,NETSPA,0.27703870000550523
merged_f2_t120,merged,120,2,0,TVA,0.23287469998467714
merged_f2_t120,merged,120,2,0,MULTI,0.32047969999257475
merged_f2_t130,merged,130,2,0,NETSPA,0.19425430000410415
merged_f2_t130,merged,130,2,0,TVA,0.19105100000160746
merged_f2_t130,merged,130,2,0,MULTI,0.3326523000141606
merged_f2_t140,merged,140,2,0,NETSPA,0.22431910000159405
merged_f2_t140,merged,140,2,0,TVA,0.17945709999185055
merged_f2_t140,merged,140,2,0,MULTI,0.38538799999514595
merged_f2_t120,merged,120,2,1,NETSPA,0.11945839997497387
merged_f2_t120,merged,120,2,1,TVA,0.22059599999920465
merged_f2_t120,merged,120,2,1,MULTI,0.14439679999486543
merged_f2_t130,merged,130,2,1,NETSPA,0.10663709999062121
merged_f2_t130,merged,130,2,1,TVA,0.09595240000635386
merged_f2_t130,merged,130,2,1,MULTI,0.18718570002238266
merged_f2_t140,merged,140,2,1,NETSPA,0.11111090000486001
merged_f2_t140,merged,140,2,1,TVA,0.11951589997624978
merged_f2_t140,merged,140,2,1,MULTI,0.20815409999340773
merged_f2_t120,merged,120,2,2,NETSPA,0.062300899997353554
merged_f2_t120,merged,120,2,2,TVA,0.17039289997774176
merged_f2_t120,merged,120,2,2,MULTI,0.10099209999316372
merged_f2_t130,merged,130,2,2,NETSPA,0.07974350001313724
merged_f2_t130,merged,130,2,2,TVA,0.16747290000785142
merged_f2_t130,merged,130,2,2,MULTI,0.08625570000731386
merged_f2_t140,merged,140,2,2,NETSPA,0.0878462000109721
merged_f2_t140,merged,140,2,2,TVA,0.15149029999156483
merged_f2_t140,merged,140,2,2,MULTI,0.06791549999616109
merged_f2_t120,merged,120,2,3,NETSPA,0.17129210001439787
merged_f2_t120,merged,120,2,3,TVA,0.07730580001953058
merged_f2_t120,merged,120,2,3,MULTI,0.0631363999855239
merged_f2_t130,merged,130,2,3,NETSPA,0.08480329997837543
merged_f2_t130,merged,130,2,3,TVA,0.14987130000372417
merged_f2_t130,merged,130,2,3,MULTI,0.10641490001580678
merged_f2_t140,merged,140,2,3,NETSPA,0.09312680002767593
merged_f2_t140,merged,140,2,3,TVA,0.20528870000271127
merged_f2_t140,merged,140,2,3,MULTI,0.0834305000025779
merged_f2_t150,merged,150,2,0,NETSPA,0.25260129998787306
merged_f2_t150,merged,150,2,0,TVA,0.1712351000169292
merged_f2_t150,merged,150,2,0,MULTI,0.3110326000023633
merged_f2_t160,merged,160,2,0,NETSPA,0.3052196000062395
merged_f2_t160,merged,160,2,0,TVA,0.1910982999834232
merged_f2_t160,merged,160,2,0,MULTI,0.40822129999287426
merged_f2_t170,merged,170,2,0,NETSPA,0.20164719998138025
merged_f2_t170,merged,170,2,0,TVA,0.15239249999285676
merged_f2_t170,merged,170,2,0,MULTI,0.3323808000131976
merged_f2_t150,merged,150,2,1,NETSPA,0.06728220000513829
merged_f2_t150,merged,150,2,1,TVA,0.16301910000038333
merged_f2_t150,merged,150,2,1,MULTI,0.10147989998222329
merged_f2_t170,merged,170,2,1,NETSPA,0.09283030001097359
merged_f2_t170,merged,170,2,1,TVA,0.17549399999552406
merged_f2_t170,merged,170,2,1,MULTI,0.11560350001673214
merged_f2_t160,merged,160,2,1,NETSPA,0.08531990001210943
merged_f2_t160,merged,160,2,1,TVA,0.2249112999998033
merged_f2_t160,merged,160,2,1,MULTI,0.1443102000048384
merged_f2_t150,merged,150,2,2,NETSPA,0.1813636000151746
merged_f2_t150,merged,150,2,2,TVA,0.09006779998890124
merged_f2_t150,merged,150,2,2,MULTI,0.10639619998983108
merged_f2_t170,merged,170,2,2,NETSPA,0.05683989997487515
merged_f2_t170,merged,170,2,2,TVA,0.1716844000038691
merged_f2_t170,merged,170,2,2,MULTI,0.08433589999913238
merged_f2_t160,merged,160,2,2,NETSPA,0.08342249999986961
merged_f2_t160,merged,160,2,2,TVA,0.1658519999764394
merged_f2_t160,merged,160,2,2,MULTI,0.1161288000002969
merged_f2_t150,merged,150,2,3,NETSPA,0.1686700000136625
merged_f2_t150,merged,150,2,3,TVA,0.07996689999708906
merged_f2_t150,merged,150,2,3,MULTI,0.17441460001282394
merged_f2_t170,merged,170,2,3,NETSPA,0.14362529999925755
merged_f2_t170,merged,170,2,3,TVA,0.08457740000449121
merged_f2_t170,merged,170,2,3,MULTI,0.09041229999274947
merged_f2_t160,merged,160,2,3,NETSPA,0.1563462000049185
merged_f2_t160,merged,160,2,3,TVA,0.09158410000964068
merged_f2_t160,merged,160,2,3,MULTI,0.059232200001133606
merged_f2_t180,merged,180,2,0,NETSPA,0.11900629999581724
merged_f2_t180,merged,180,2,0,TVA,0.271315100020729
merged_f2_t180,merged,180,2,0,MULTI,0.26960630001849495
merged_f2_t194,merged,194,2,0,NETSPA,0.2145918000023812
merged_f2_t194,merged,194,2,0,TVA,0.1394293000048492
merged_f2_t194,merged,194,2,0,MULTI,0.27835929999127984
merged_f2_t190,merged,190,2,0,NETSPA,0.26235520001500845
merged_f2_t190,merged,190,2,0,TVA,0.18110950000118464
merged_f2_t190,merged,190,2,0,MULTI,0.2930027000256814
merged_f2_t180,merged,180,2,1,NETSPA,0.07955890000448562
merged_f2_t180,merged,180,2,1,TVA,0.18482309998944402
merged_f2_t180,merged,180,2,1,MULTI,0.08374669999466278
merged_f2_t190,merged,190,2,1,NETSPA,0.060930400009965524
merged_f2_t190,merged,190,2,1,TVA,0.16562559999874793
merged_f2_t190,merged,190,2,1,MULTI,0.1303038999903947
merged_f2_t194,merged,194,2,1,NETSPA,0.08495260000927374
merged_f2_t194,merged,194,2,1,TVA,0.15134899999247864
merged_f2_t194,merged,194,2,1,MULTI,0.16166320000775158
merged_f2_t180,merged,180,2,2,NETSPA,0.1511253999779001
merged_f2_t180,merged,180,2,2,TVA,0.08080520000657998
merged_f2_t180,merged,180,2,2,MULTI,0.10964000000967644
merged_f2_t190,merged,190,2,2,NETSPA,0.15479569998569787
merged_f2_t190,merged,190,2,2,TVA,0.06979360000696033
merged_f2_t190,merged,190,2,2,MULTI,0.08420099999057129
merged_f2_t194,merged,194,2,2,NETSPA,0.18384450001758523
merged_f2_t194,merged,194,2,2,TVA,0.0563323000096716
merged_f2_t194,merged,194,2,2,MULTI,0.07975780000560917
merged_f2_t180,merged,180,2,3,NETSPA,0.15412399999331683
merged_f2_t180,merged,180,2,3,TVA,0.07837059997837059
merged_f2_t180,merged,180,2,3,MULTI,0.16411760001210496
merged_f2_t194,merged,194,2,3,NETSPA,0.15648539998801425
merged_f2_t194,merged,194,2,3,TVA,0.07120320000103675
merged_f2_t194,merged,194,2,3,MULTI,0.1512524999852758
merged_f2_t190,merged,190,2,3,NETSPA,0.14773919997969642
merged_f2_t190,merged,190,2,3,TVA,0.07033630000660196
merged_f2_t190,merged,190,2,3,MULTI,0.17508600000292063
merged_f2_t20,merged,20,2,0,NETSPA,0.17133660000399686
merged_f2_t20,merged,20,2,0,TVA,0.28006349998759106
merged_f2_t20,merged,20,2,0,MULTI,0.29114829999161884
merged_f2_t30,merged,30,2,0,NETSPA,0.13257710001198575
merged_f2_t30,merged,30,2,0,TVA,0.15460599999642
merged_f2_t30,merged,30,2,0,MULTI,0.37658399998326786
merged_f2_t40,merged,40,2,0,NETSPA,0.1507702000089921
merged_f2_t40,merged,40,2,0,TVA,0.3002691000001505
merged_f2_t40,merged,40,2,0,MULTI,0.32307420001598075
merged_f2_t20,merged,20,2,1,NETSPA,0.17067019999376498
merged_f2_t20,merged,20,2,1,TVA,0.08898130001034588
merged_f2_t20,merged,20,2,1,MULTI,0.1280636000155937
merged_f2_t30,merged,30,2,1,NETSPA,0.0758769000240136
merged_f2_t30,merged,30,2,1,TVA,0.15889240000979044
merged_f2_t30,merged,30,2,1,MULTI,0.147536400007084
merged_f2_t40,merged,40,2,1,NETSPA,0.09193299998878501
merged_f2_t40,merged,40,2,1,TVA,0.18689159999485128
merged_f2_t40,merged,40,2,1,MULTI,0.15611539999372326
merged_f2_t20,merged,20,2,2,NETSPA,0.13655789999756962
merged_f2_t20,merged,20,2,2,TVA,0.0907582999789156
merged_f2_t20,merged,20,2,2,MULTI,0.15739529998973012
merged_f2_t30,merged,30,2,2,NETSPA,0.11783070000819862
merged_f2_t30,merged,30,2,2,TVA,0.08516129999770783
merged_f2_t30,merged,30,2,2,MULTI,0.218348700000206
merged_f2_t20,merged,20,2,3,NETSPA,0.07926050000241958
merged_f2_t20,merged,20,2,3,TVA,0.09399829999892972
merged_f2_t20,merged,20,2,3,MULTI,0.17353650002041832
merged_f2_t40,merged,40,2,2,NETSPA,0.20039399998495355
merged_f2_t40,merged,40,2,2,TVA,0.08838259999174625
merged_f2_t40,merged,40,2,2,MULTI,0.1753448999952525
merged_f2_t30,merged,30,2,3,NETSPA,0.08676420000847429
merged_f2_t30,merged,30,2,3,TVA,0.1016964000009466
merged_f2_t30,merged,30,2,3,MULTI,0.1689061000070069
merged_f2_t40,merged,40,2,3,NETSPA,0.06426480002119206
merged_f2_t40,merged,40,2,3,TVA,0.07441670002299361
merged_f2_t40,merged,40,2,3,MULTI,0.14748949999921024
merged_f2_t50,merged,50,2,0,NETSPA,0.15943569998489693
merged_f2_t50,merged,50,2,0,TVA,0.2771422000078019
merged_f2_t50,merged,50,2,0,MULTI,0.31512330000987276
merged_f2_t60,merged,60,2,0,NETSPA,0.12873950001085177
merged_f2_t60,merged,60,2,0,TVA,0.2607451000076253
merged_f2_t60,merged,60,2,0,MULTI,0.3112990999943577
merged_f2_t70,merged,70,2,0,NETSPA,0.15535290000843816
merged_f2_t70,merged,70,2,0,TVA,0.27026889999979176
merged_f2_t70,merged,70,2,0,MULTI,0.31169729999965057
merged_f2_t60,merged,60,2,1,NETSPA,0.2138766999996733
merged_f2_t60,merged,60,2,1,TVA,0.09876329998951405
merged_f2_t60,merged,60,2,1,MULTI,0.15236629999708384
merged_f2_t50,merged,50,2,1,NETSPA,0.22201789999962784
merged_f2_t50,merged,50,2,1,TVA,0.12846150001860224
merged_f2_t50,merged,50,2,1,MULTI,0.26232740000705235
merged_f2_t70,merged,70,2,1,NETSPA,0.2049422999843955
merged_f2_t70,merged,70,2,1,TVA,0.08157199999550357
merged_f2_t70,merged,70,2,1,MULTI,0.10678989998996258
merged_f2_t50,merged,50,2,2,NETSPA,0.07930820001638494
merged_f2_t50,merged,50,2,2,TVA,0.0672564999840688
merged_f2_t50,merged,50,2,2,MULTI,0.19264719999046065
merged_f2_t60,merged,60,2,2,NETSPA,0.1874074999941513
merged_f2_t60,merged,60,2,2,TVA,0.10891139999148436
merged_f2_t60,merged,60,2,2,MULTI,0.20772130001569167
merged_f2_t70,merged,70,2,2,NETSPA,0.20901719998801127
merged_f2_t70,merged,70,2,2,TVA,0.09559369998169132
merged_f2_t70,merged,70,2,2,MULTI,0.18784400000004098
merged_f2_t50,merged,50,2,3,NETSPA,0.10959000000730157
merged_f2_t50,merged,50,2,3,TVA,0.17581859999336302
merged_f2_t50,merged,50,2,3,MULTI,0.058528699999442324
merged_f2_t60,merged,60,2,3,NETSPA,0.0879824000003282
merged_f2_t60,merged,60,2,3,TVA,0.0707220999756828
merged_f2_t60,merged,60,2,3,MULTI,0.13925199999357574
merged_f2_t70,merged,70,2,3,NETSPA,0.08626869998988695
merged_f2_t70,merged,70,2,3,TVA,0.05766540000331588
merged_f2_t70,merged,70,2,3,MULTI,0.12702630000421777
merged_f2_t80,merged,80,2,0,NETSPA,0.14694020000752062
merged_f2_t80,merged,80,2,0,TVA,0.2273611999989953
merged_f2_t80,merged,80,2,0,MULTI,0.27245329998550005
merged_f2_t90,merged,90,2,0,NETSPA,0.18004439998185262
merged_f2_t90,merged,90,2,0,TVA,0.297790900018299
merged_f2_t90,merged,90,2,0,MULTI,0.3092518000048585
merged_f3_t0,merged,0,3,0,NETSPA,0.1053578999999445
merged_f3_t0,merged,0,3,0,TVA,0.3406997000274714
merged_f3_t0,merged,0,3,0,MULTI,0.2912034000037238
merged_f2_t80,merged,80,2,1,NETSPA,0.14391760001308285
merged_f2_t80,merged,80,2,1,TVA,0.08540789998369291
merged_f2_t80,merged,80,2,1,MULTI,0.23871850001160055
merged_f2_t90,merged,90,2,1,NETSPA,0.18547120000584982
merged_f2_t90,merged,90,2,1,TVA,0.11198549999971874
merged_f2_t90,merged,90,2,1,MULTI,0.2110380999802146
merged_f3_t0,merged,0,3,1,NETSPA,0.18765460001304746
merged_f3_t0,merged,0,3,1,TVA,0.11969390002195723
merged_f3_t0,merged,0,3,1,MULTI,0.24436490001971833
merged_f2_t80,merged,80,2,2,NETSPA,0.08344459999352694
merged_f2_t80,merged,80,2,2,TVA,0.1962692000088282
merged_f2_t80,merged,80,2,2,MULTI,0.10147650001454167
merged_f2_t90,merged,90,2,2,NETSPA,0.054737300000851974
merged_f2_t90,merged,90,2,2,TVA,0.08614390000002459
merged_f2_t90,merged,90,2,2,MULTI,0.19107919998350553
merged_f3_t0,merged,0,3,2,NETSPA,0.0986616000009235
merged_f3_t0,merged,0,3,2,TVA,0.08538739997311495
merged_f3_t0,merged,0,3,2,MULTI,0.19279530001222156
merged_f2_t80,merged,80,2,3,NETSPA,0.07410970001365058
merged_f2_t80,merged,80,2,3,TVA,0.1760503000114113
merged_f2_t80,merged,80,2,3,MULTI,0.07831109999096952
merged_f2_t90,merged,90,2,3,NETSPA,0.07190889999037609
merged_f2_t90,merged,90,2,3,TVA,0.1554916000168305
merged_f2_t90,merged,90,2,3,MULTI,0.06436530000064522
merged_f3_t0,merged,0,3,3,NETSPA,0.08185109999612905
merged_f3_t0,merged,0,3,3,TVA,0.16911030001938343
merged_f3_t0,merged,0,3,3,MULTI,0.09274979998008348
merged_f3_t10,merged,10,3,0,NETSPA,0.24432270001852885
merged_f3_t10,merged,10,3,0,TVA,0.1983586000278592
merged_f3_t10,merged,10,3,0,MULTI,0.416449400014244
merged_f3_t30,merged,30,3,0,NETSPA,0.13354900002013892
merged_f3_t30,merged,30,3,0,TVA,0.256670300004771
merged_f3_t30,merged,30,3,0,MULTI,0.2509417000110261
merged_f3_t20,merged,20,3,0,NETSPA,0.15094600000884384
merged_f3_t20,merged,20,3,0,TVA,0.28482259999145754
merged_f3_t20,merged,20,3,0,MULTI,0.42427499999757856
merged_f3_t10,merged,10,3,1,NETSPA,0.08259360000374727
merged_f3_t10,merged,10,3,1,TVA,0.12933080000220798
merged_f3_t10,merged,10,3,1,MULTI,0.20393639997928403
merged_f3_t20,merged,20,3,1,NETSPA,0.10013679999974556
merged_f3_t20,merged,20,3,1,TVA,0.08526190000702627
merged_f3_t20,merged,20,3,1,MULTI,0.20377609998104163
merged_f3_t30,merged,30,3,1,NETSPA,0.19373250001808628
merged_f3_t30,merged,30,3,1,TVA,0.13774279999779537
merged_f3_t30,merged,30,3,1,MULTI,0.23019589998875745
merged_f3_t10,merged,10,3,2,NETSPA,0.0808303999947384
merged_f3_t10,merged,10,3,2,TVA,0.18083309999201447
merged_f3_t10,merged,10,3,2,MULTI,0.08419249998405576
merged_f3_t20,merged,20,3,2,NETSPA,0.0681715999962762
merged_f3_t20,merged,20,3,2,TVA,0.17596539997612126
merged_f3_t20,merged,20,3,2,MULTI,0.11907290000817738
merged_f3_t30,merged,30,3,2,NETSPA,0.09487329999683425
merged_f3_t30,merged,30,3,2,TVA,0.23080309998476878
merged_f3_t30,merged,30,3,2,MULTI,0.0890380000055302
merged_f3_t10,merged,10,3,3,NETSPA,0.09929569999803789
merged_f3_t10,merged,10,3,3,TVA,0.19060850000823848
merged_f3_t10,merged,10,3,3,MULTI,0.07504140000673942
merged_f3_t20,merged,20,3,3,NETSPA,0.06743200001074001
merged_f3_t20,merged,20,3,3,TVA,0.1357787000015378
merged_f3_t20,merged,20,3,3,MULTI,0.06335709997802041
merged_f3_t30,merged,30,3,3,NETSPA,0.06441000002087094
merged_f3_t30,merged,30,3,3,TVA,0.16497400001389906
merged_f3_t30,merged,30,3,3,MULTI,0.0721002999925986
merged_f3_t40,merged,40,3,0,NETSPA,0.21854429997620173
merged_f3_t40,merged,40,3,0,TVA,0.15932160001830198
merged_f3_t40,merged,40,3,0,MULTI,0.34116090001771227
merged_f3_t50,merged,50,3,0,NETSPA,0.2319580000184942
merged_f3_t50,merged,50,3,0,TVA,0.14603840000927448
merged_f3_t50,merged,50,3,0,MULTI,0.3555989000014961
merged_f3_t40,merged,40,3,1,NETSPA,0.11661539998021908
merged_f3_t40,merged,40,3,1,TVA,0.199785900011193
merged_f3_t40,merged,40,3,1,MULTI,0.10042619999148883
merged_f3_t60,merged,60,3,0,NETSPA,0.23070949999964796
merged_f3_t60,merged,60,3,0,TVA,0.21086399999330752
merged_f3_t60,merged,60,3,0,MULTI,0.4499086999858264
merged_f3_t50,merged,50,3,1,NETSPA,0.10615740000503138
merged_f3_t50,merged,50,3,1,TVA,0.1018548000138253
merged_f3_t50,merged,50,3,1,MULTI,0.20563189999666065
merged_f3_t40,merged,40,3,2,NETSPA,0.0663856000173837
merged_f3_t40,merged,40,3,2,TVA,0.1504420000128448
merged_f3_t40,merged,40,3,2,MULTI,0.11364440000033937
merged_f3_t50,merged,50,3,2,NETSPA,0.06471840001177043
merged_f3_t50,merged,50,3,2,TVA,0.1849260000162758
merged_f3_t50,merged,50,3,2,MULTI,0.07059210000443272
merged_f3_t60,merged,60,3,1,NETSPA,0.09046289999969304
merged_f3_t60,merged,60,3,1,TVA,0.13400879999971949
merged_f3_t60,merged,60,3,1,MULTI,0.21428759998525493
merged_f3_t40,merged,40,3,3,NETSPA,0.19848550000460818
merged_f3_t40,merged,40,3,3,TVA,0.0899924999976065
merged_f3_t40,merged,40,3,3,MULTI,0.08943620001082309
merged_f3_t50,merged,50,3,3,NETSPA,0.07341020001331344
merged_f3_t50,merged,50,3,3,TVA,0.1691587000095751
merged_f3_t50,merged,50,3,3,MULTI,0.10705279998364858
merged_f3_t60,merged,60,3,2,NETSPA,0.09265939999022521
merged_f3_t60,merged,60,3,2,TVA,0.16908029999467544
merged_f3_t60,merged,60,3,2,MULTI,0.10835120000410825
merged_f3_t60,merged,60,3,3,NETSPA,0.08309480000752956
merged_f3_t60,merged,60,3,3,TVA,0.12850489999982528
merged_f3_t60,merged,60,3,3,MULTI,0.058066199999302626
merged_f4_t0,merged,0,4,0,NETSPA,0.2742873000097461
merged_f4_t0,merged,0,4,0,TVA,0.21168210002360865
merged_f4_t0,merged,0,4,0,MULTI,0.34427500001038425
merged_f4_t10,merged,10,4,0,NETSPA,0.23784610000438988
merged_f4_t10,merged,10,4,0,TVA,0.2018724999797996
merged_f4_t10,merged,10,4,0,MULTI,0.37012760000652634
merged_f4_t20,merged,20,4,0,NETSPA,0.2241601999849081
merged_f4_t20,merged,20,4,0,TVA,0.21442669999669306
merged_f4_t20,merged,20,4,0,MULTI,0.41192350001074374
merged_f4_t10,merged,10,4,1,NETSPA,0.10692639998160303
merged_f4_t10,merged,10,4,1,TVA,0.13231529999757186
merged_f4_t10,merged,10,4,1,MULTI,0.20503280000411905
merged_f4_t0,merged,0,4,1,NETSPA,0.12307940001483075
merged_f4_t0,merged,0,4,1,TVA,0.21519780001835898
merged_f4_t0,merged,0,4,1,MULTI,0.1560241999977734
merged_f4_t10,merged,10,4,2,NETSPA,0.09515370000735857
merged_f4_t10,merged,10,4,2,TVA,0.16110299999127164
merged_f4_t10,merged,10,4,2,MULTI,0.0889043000061065
merged_f4_t20,merged,20,4,1,NETSPA,0.10527660002117045
merged_f4_t20,merged,20,4,1,TVA,0.2114603999943938
merged_f4_t20,merged,20,4,1,MULTI,0.11868919999687932
merged_f4_t0,merged,0,4,2,NETSPA,0.16439900000113994
merged_f4_t0,merged,0,4,2,TVA,0.0945841999782715
merged_f4_t0,merged,0,4,2,MULTI,0.10930129999178462
merged_f4_t10,merged,10,4,3,NETSPA,0.18048979999730363
merged_f4_t10,merged,10,4,3,TVA,0.08865680001326837
merged_f4_t10,merged,10,4,3,MULTI,0.08984620001865551
merged_f4_t20,merged,20,4,2,NETSPA,0.07718000002205372
merged_f4_t20,merged,20,4,2,TVA,0.1778999000089243
merged_f4_t20,merged,20,4,2,MULTI,0.10624900000402704
merged_f4_t0,merged,0,4,3,NETSPA,0.22274209998431616
merged_f4_t0,merged,0,4,3,TVA,0.07874620001530275
merged_f4_t0,merged,0,4,3,MULTI,0.1791137000254821
merged_f4_t20,merged,20,4,3,NETSPA,0.16718190000392497
merged_f4_t20,merged,20,4,3,TVA,0.07092359999660403
merged_f4_t20,merged,20,4,3,MULTI,0.0742735999810975
merged_f4_t30,merged,30,4,0,NETSPA,0.2206572000286542
merged_f4_t30,merged,30,4,0,TVA,0.22950899999705143
merged_f4_t30,merged,30,4,0,MULTI,0.41969300000346266
merged_f4_t40,merged,40,4,0,NETSPA,0.1689159999950789
merged_f4_t40,merged,40,4,0,TVA,0.252365499996813
merged_f4_t40,merged,40,4,0,MULTI,0.28233909999835305
merged_f4_t50,merged,50,4,0,NETSPA,0.20999410000513308
merged_f4_t50,merged,50,4,0,TVA,0.14756579999811947
merged_f4_t50,merged,50,4,0,MULTI,0.394001999986358
merged_f4_t40,merged,40,4,1,NETSPA,0.11355899999034591
merged_f4_t40,merged,40,4,1,TVA,0.17762500001117587
merged_f4_t40,merged,40,4,1,MULTI,0.1054312999767717
merged_f4_t30,merged,30,4,1,NETSPA,0.10828749998472631
merged_f4_t30,merged,30,4,1,TVA,0.19521840001107194
merged_f4_t30,merged,30,4,1,MULTI,0.11126279999734834
merged_f4_t50,merged,50,4,1,NETSPA,0.11457659999723546
merged_f4_t50,merged,50,4,1,TVA,0.17735879999236204
merged_f4_t50,merged,50,4,1,MULTI,0.1539265999745112
merged_f4_t30,merged,30,4,2,NETSPA,0.1637153999763541
merged_f4_t30,merged,30,4,2,TVA,0.06887809999170713
merged_f4_t30,merged,30,4,2,MULTI,0.08529740001540631
merged_f4_t40,merged,40,4,2,NETSPA,0.18826730002183467
merged_f4_t40,merged,40,4,2,TVA,0.09860860000480898
merged_f4_t40,merged,40,4,2,MULTI,0.06832259998191148
merged_f4_t50,merged,50,4,2,NETSPA,0.17241620001732372
merged_f4_t50,merged,50,4,2,TVA,0.10519279999425635
merged_f4_t50,merged,50,4,2,MULTI,0.09564620000310242
merged_f4_t30,merged,30,4,3,NETSPA,0.1685919999727048
merged_f4_t30,merged,30,4,3,TVA,0.07972030001110397
merged_f4_t30,merged,30,4,3,MULTI,0.20083930002874695
merged_f4_t40,merged,40,4,3,NETSPA,0.17521260000648908
merged_f4_t40,merged,40,4,3,TVA,0.0768718000035733
merged_f4_t40,merged,40,4,3,MULTI,0.19108989997766912
merged_f4_t50,merged,50,4,3,NETSPA,0.20987829999648966
merged_f4_t50,merged,50,4,3,TVA,0.07086290000006557
merged_f4_t50,merged,50,4,3,MULTI,0.1840731000120286
merged_f4_t60,merged,60,4,0,NETSPA,0.11841070000082254
merged_f4_t60,merged,60,4,0,TVA,0.17913819997920655
merged_f4_t60,merged,60,4,0,MULTI,0.3326609999930952
merged_f4_t70,merged,70,4,0,NETSPA,0.15864619999774732
merged_f4_t70,merged,70,4,0,TVA,0.29058170001371764
merged_f4_t70,merged,70,4,0,MULTI,0.294345100002829
merged_f4_t73,merged,73,4,0,NETSPA,0.1466214000247419
merged_f4_t73,merged,73,4,0,TVA,0.1771990000270307
merged_f4_t73,merged,73,4,0,MULTI,0.40809800001443364
merged_f4_t60,merged,60,4,1,NETSPA,0.09623320001992397
merged_f4_t60,merged,60,4,1,TVA,0.20323739998275414
merged_f4_t60,merged,60,4,1,MULTI,0.15849900001194328
merged_f4_t70,merged,70,4,1,NETSPA,0.11525820000679232
merged_f4_t70,merged,70,4,1,TVA,0.17420370000763796
merged_f4_t70,merged,70,4,1,MULTI,0.1100348999898415
merged_f4_t73,merged,73,4,1,NETSPA,0.09509930000058375
merged_f4_t73,merged,73,4,1,TVA,0.16322389998822473
merged_f4_t73,merged,73,4,1,MULTI,0.10641879998729564
merged_f4_t60,merged,60,4,2,NETSPA,0.19922280000173487
merged_f4_t60,merged,60,4,2,TVA,0.09162590000778437
merged_f4_t60,merged,60,4,2,MULTI,0.09178960000281222
merged_f4_t70,merged,70,4,2,NETSPA,0.1687437999935355
merged_f4_t70,merged,70,4,2,TVA,0.08442239998839796
merged_f4_t70,merged,70,4,2,MULTI,0.0832282000046689
merged_f4_t73,merged,73,4,2,NETSPA,0.17259760000160895
merged_f4_t73,merged,73,4,2,TVA,0.09394749999046326
merged_f4_t73,merged,73,4,2,MULTI,0.11081320000812411
merged_f4_t70,merged,70,4,3,NETSPA,0.15937519998988137
merged_f4_t70,merged,70,4,3,TVA,0.056734299985691905
merged_f4_t70,merged,70,4,3,MULTI,0.19509090000065044
merged_f4_t60,merged,60,4,3,NETSPA,0.18662709998898208
merged_f4_t60,merged,60,4,3,TVA,0.07009880000259727
merged_f4_t60,merged,60,4,3,MULTI,0.19169750000583008
merged_f4_t73,merged,73,4,3,NETSPA,0.2041869999957271
merged_f4_t73,merged,73,4,3,TVA,0.07614220000687055
merged_f4_t73,merged,73,4,3,MULTI,0.171771199995419
merged_f5_t0,merged,0,5,0,NETSPA,0.14673340000445023
merged_f5_t0,merged,0,5,0,TVA,0.287038600014057
merged_f5_t0,merged,0,5,0,MULTI,0.3124119999993127
merged_f5_t10,merged,10,5,0,NETSPA,0.16862430001492612
merged_f5_t10,merged,10,5,0,TVA,0.3171454999828711
merged_f5_t10,merged,10,5,0,MULTI,0.3170299000048544
merged_f5_t20,merged,20,5,0,NETSPA,0.15680389999761246
merged_f5_t20,merged,20,5,0,TVA,0.323000599979423
merged_f5_t20,merged,20,5,0,MULTI,0.29143380001187325
merged_f5_t0,merged,0,5,1,NETSPA,0.09144910000031814
merged_f5_t0,merged,0,5,1,TVA,0.21390109998174012
merged_f5_t0,merged,0,5,1,MULTI,0.14303770000697114
merged_f5_t10,merged,10,5,1,NETSPA,0.11468249998870306
merged_f5_t10,merged,10,5,1,TVA,0.20469340001000091
merged_f5_t10,merged,10,5,1,MULTI,0.16078370000468567
merged_f5_t20,merged,20,5,1,NETSPA,0.08376560002216138
merged_f5_t20,merged,20,5,1,TVA,0.18238660000497475
merged_f5_t20,merged,20,5,1,MULTI,0.13372300000628456
merged_f5_t0,merged,0,5,2,NETSPA,0.16029689999413677
merged_f5_t0,merged,0,5,2,TVA,0.09729459998197854
merged_f5_t0,merged,0,5,2,MULTI,0.19177820000913925
merged_f5_t10,merged,10,5,2,NETSPA,0.16508930001873523
merged_f5_t10,merged,10,5,2,TVA,0.08166799999889918
merged_f5_t10,merged,10,5,2,MULTI,0.17188769998028874
merged_f5_t20,merged,20,5,2,NETSPA,0.1849410999857355
merged_f5_t20,merged,20,5,2,TVA,0.10759040000266396
merged_f5_t20,merged,20,5,2,MULTI,0.09681679998175241
merged_f5_t0,merged,0,5,3,NETSPA,0.08633769999141805
merged_f5_t0,merged,0,5,3,TVA,0.05613110002013855
merged_f5_t0,merged,0,5,3,MULTI,0.18318380002165213
merged_f5_t10,merged,10,5,3,NETSPA,0.09238190000178292
merged_f5_t10,merged,10,5,3,TVA,0.09166380000533536
merged_f5_t10,merged,10,5,3,MULTI,0.19899100001202896
merged_f5_t20,merged,20,5,3,NETSPA,0.1779390999872703
merged_f5_t20,merged,20,5,3,TVA,0.07785339999827556
merged_f5_t20,merged,20,5,3,MULTI,0.1540986000036355
merged_f5_t30,merged,30,5,0,NETSPA,0.15614959999220446
merged_f5_t30,merged,30,5,0,TVA,0.31219029999920167
merged_f5_t30,merged,30,5,0,MULTI,0.24652980000246316
merged_f5_t40,merged,40,5,0,NETSPA,0.16261650001979433
merged_f5_t40,merged,40,5,0,TVA,0.2782001000014134
merged_f5_t40,merged,40,5,0,MULTI,0.33033110000542365
merged_f5_t50,merged,50,5,0,NETSPA,0.14204000000609085
merged_f5_t50,merged,50,5,0,TVA,0.3067317999957595
merged_f5_t50,merged,50,5,0,MULTI,0.27926760000991635
merged_f5_t30,merged,30,5,1,NETSPA,0.15144239997607656
merged_f5_t30,merged,30,5,1,TVA,0.10157319999416359
merged_f5_t30,merged,30,5,1,MULTI,0.11566889999085106
merged_f5_t40,merged,40,5,1,NETSPA,0.1972593999817036
merged_f5_t40,merged,40,5,1,TVA,0.10651419998612255
merged_f5_t40,merged,40,5,1,MULTI,0.15520720000495203
merged_f5_t30,merged,30,5,2,NETSPA,0.1442345999821555
merged_f5_t30,merged,30,5,2,TVA,0.0724194000067655
merged_f5_t30,merged,30,5,2,MULTI,0.1971827000088524
merged_f5_t50,merged,50,5,1,NETSPA,0.08654349998687394
merged_f5_t50,merged,50,5,1,TVA,0.2064126000041142
merged_f5_t50,merged,50,5,1,MULTI,0.13222379999933764
merged_f5_t40,merged,40,5,2,NETSPA,0.15318500000284985
merged_f5_t40,merged,40,5,2,TVA,0.09303029999136925
merged_f5_t40,merged,40,5,2,MULTI,0.1760945999994874
merged_f5_t30,merged,30,5,3,NETSPA,0.07174789998680353
merged_f5_t30,merged,30,5,3,TVA,0.07515290001174435
merged_f5_t30,merged,30,5,3,MULTI,0.16303729999344796
merged_f5_t50,merged,50,5,2,NETSPA,0.11785539999254979
merged_f5_t50,merged,50,5,2,TVA,0.0966228999895975
merged_f5_t50,merged,50,5,2,MULTI,0.19808519998332486
merged_f5_t40,merged,40,5,3,NETSPA,0.07289660000242293
merged_f5_t40,merged,40,5,3,TVA,0.07021810000878759
merged_f5_t40,merged,40,5,3,MULTI,0.2119253000128083
merged_f5_t50,merged,50,5,3,NETSPA,0.07153220000327565
merged_f5_t50,merged,50,5,3,TVA,0.07624669998767786
merged_f5_t50,merged,50,5,3,MULTI,0.14112340001156554
merged_f5_t60,merged,60,5,0,NETSPA,0.12921270000515506
merged_f5_t60,merged,60,5,0,TVA,0.29343980000703596
merged_f5_t60,merged,60,5,0,MULTI,0.2751836999959778
merged_f5_t70,merged,70,5,0,NETSPA,0.12990529998205602
merged_f5_t70,merged,70,5,0,TVA,0.25967600001604296
merged_f5_t70,merged,70,5,0,MULTI,0.2549651999725029
merged_f5_t71,merged,71,5,0,NETSPA,0.13030020002042875
merged_f5_t71,merged,71,5,0,TVA,0.3136057000083383
merged_f5_t71,merged,71,5,0,MULTI,0.27218190001440234
merged_f5_t60,merged,60,5,1,NETSPA,0.15761470000143163
merged_f5_t60,merged,60,5,1,TVA,0.08803060001810081
merged_f5_t60,merged,60,5,1,MULTI,0.2580831000232138
merged_f5_t70,merged,70,5,1,NETSPA,0.20396020001498982
merged_f5_t70,merged,70,5,1,TVA,0.09851379998144694
merged_f5_t70,merged,70,5,1,MULTI,0.1994706999976188
merged_f5_t71,merged,71,5,1,NETSPA,0.18736389998230152
merged_f5_t71,merged,71,5,1,TVA,0.09811089999857359
merged_f5_t71,merged,71,5,1,MULTI,0.14015459999791346
merged_f5_t60,merged,60,5,2,NETSPA,0.09174160001566634
merged_f5_t60,merged,60,5,2,TVA,0.09518879998358898
merged_f5_t60,merged,60,5,2,MULTI,0.1858850000135135
merged_f5_t70,merged,70,5,2,NETSPA,0.06620180001482368
merged_f5_t70,merged,70,5,2,TVA,0.09329729998717085
merged_f5_t70,merged,70,5,2,MULTI,0.19432870001764968
merged_f5_t60,merged,60,5,3,NETSPA,0.08185309998225421
merged_f5_t60,merged,60,5,3,TVA,0.1804231999849435
merged_f5_t60,merged,60,5,3,MULTI,0.07790040000691079
merged_f5_t71,merged,71,5,2,NETSPA,0.1770795000193175
merged_f5_t71,merged,71,5,2,TVA,0.08644230000209063
merged_f5_t71,merged,71,5,2,MULTI,0.1867637000104878
merged_f5_t70,merged,70,5,3,NETSPA,0.06473350001033396
merged_f5_t70,merged,70,5,3,TVA,0.1834177999990061
merged_f5_t70,merged,70,5,3,MULTI,0.08842890002415515
merged_f5_t71,merged,71,5,3,NETSPA,0.07811930001480505
merged_f5_t71,merged,71,5,3,TVA,0.08680400002049282
merged_f5_t71,merged,71,5,3,MULTI,0.15080470000975765
